title,company,location,link,posted,easy_apply,scraped_at
Full Stack Engineer,Ace Consultancys,India (Remote),https://www.linkedin.com/jobs/view/4444685402/?eBP=NON_CHARGEABLE_CHANNEL&refId=kOsJQkeQ35lQQ%2ByToj19MA%3D%3D&trackingId=KDnMBkEpKz1WEBjSXc%2FKCg%3D%3D&trk=flagship3_search_srp_jobs,,True,2026-07-25T22:27:03
Frontend Engineer (Fully Remote) - Global AI-Powered Tech Talent Venture,SkillsCapital,India (Remote),https://www.linkedin.com/jobs/view/4444667515/?eBP=NON_CHARGEABLE_CHANNEL&refId=kOsJQkeQ35lQQ%2ByToj19MA%3D%3D&trackingId=dCrYMeNk6HHqREQLmVNaKw%3D%3D&trk=flagship3_search_srp_jobs,6 hours ago,True,2026-07-25T22:27:03
Full Stack Engineer,Zetheta Algorithms Private Limited,India (Remote),https://www.linkedin.com/jobs/view/4444684122/?eBP=NON_CHARGEABLE_CHANNEL&refId=kOsJQkeQ35lQQ%2ByToj19MA%3D%3D&trackingId=MJKkjgA9NH4g8RfD5sAzWg%3D%3D&trk=flagship3_search_srp_jobs,7 hours ago,True,2026-07-25T22:27:03
Software Developer,Scoutit,India (Remote),https://www.linkedin.com/jobs/view/4444677040/?eBP=NON_CHARGEABLE_CHANNEL&refId=kOsJQkeQ35lQQ%2ByToj19MA%3D%3D&trackingId=685UxtpCAIVe37XXoDvdKA%3D%3D&trk=flagship3_search_srp_jobs,7 hours ago,True,2026-07-25T22:27:03
App Developer Intern (Flutter),Kalantak Labs,India (Remote),https://www.linkedin.com/jobs/view/4441891465/?eBP=NON_CHARGEABLE_CHANNEL&refId=kOsJQkeQ35lQQ%2ByToj19MA%3D%3D&trackingId=L9YP7%2FozRt%2Fd9iZrMT0HwQ%3D%3D&trk=flagship3_search_srp_jobs,9 hours ago,True,2026-07-25T22:27:03
Full Stack Engineer,DMAIC Academy & Consultancy,India (Remote),https://www.linkedin.com/jobs/view/4441894361/?eBP=NON_CHARGEABLE_CHANNEL&refId=kOsJQkeQ35lQQ%2ByToj19MA%3D%3D&trackingId=JklLjRxDUsDzg5mek7yheQ%3D%3D&trk=flagship3_search_srp_jobs,10 hours ago,True,2026-07-25T22:27:03
Full Stack Engineer Intern (Remote/Paid),AI Startup Impact,India (Remote),https://www.linkedin.com/jobs/view/4444655196/?eBP=NON_CHARGEABLE_CHANNEL&refId=kOsJQkeQ35lQQ%2ByToj19MA%3D%3D&trackingId=oYTXxJDw0K6IdP5n2kW1Xw%3D%3D&trk=flagship3_search_srp_jobs,,True,2026-07-25T22:27:03
Software Engineer,Brooks Brothers,India (Remote),https://www.linkedin.com/jobs/view/4441857529/?eBP=NON_CHARGEABLE_CHANNEL&refId=kOsJQkeQ35lQQ%2ByToj19MA%3D%3D&trackingId=kxdCS3yTcRymyGe5veug6w%3D%3D&trk=flagship3_search_srp_jobs,15 hours ago,True,2026-07-25T22:27:03
Web Developer,ShrinQ Consulting Group Inc,India (Remote),https://www.linkedin.com/jobs/view/4444015670/?eBP=NON_CHARGEABLE_CHANNEL&refId=kOsJQkeQ35lQQ%2ByToj19MA%3D%3D&trackingId=ej8jAyxzdFYUP%2FOD52UsBw%3D%3D&trk=flagship3_search_srp_jobs,1 day ago,True,2026-07-25T22:27:03
Frontend Developer Intern,goatdevelopers.com,India (Remote),https://www.linkedin.com/jobs/view/4441525348/?eBP=NON_CHARGEABLE_CHANNEL&refId=kOsJQkeQ35lQQ%2ByToj19MA%3D%3D&trackingId=t%2FWD7OApGn4JTZQQUu3N6g%3D%3D&trk=flagship3_search_srp_jobs,2 days ago,True,2026-07-25T22:27:03
"Full Stack Developer (Node.js, React)",BitesVilla,India (Remote),https://www.linkedin.com/jobs/view/4443810975/?eBP=NON_CHARGEABLE_CHANNEL&refId=kOsJQkeQ35lQQ%2ByToj19MA%3D%3D&trackingId=xkJEHqBW00Qm4sslsdbmAQ%3D%3D&trk=flagship3_search_srp_jobs,2 days ago,True,2026-07-25T22:27:03
Data Engineer,Appinventiv,"Delhi, India (Remote)",https://www.linkedin.com/jobs/view/4443821082/?eBP=NON_CHARGEABLE_CHANNEL&refId=kOsJQkeQ35lQQ%2ByToj19MA%3D%3D&trackingId=Ce20XeH2EHgX5nVk4oOPIg%3D%3D&trk=flagship3_search_srp_jobs,2 days ago,True,2026-07-25T22:27:03
Full Stack Laravel Developer (BuzzCart Product Team),Jobgether,India (Remote),https://www.linkedin.com/jobs/view/4444264910/?eBP=NON_CHARGEABLE_CHANNEL&refId=kOsJQkeQ35lQQ%2ByToj19MA%3D%3D&trackingId=0x6o3WV7HbGI2Tg7awUbUA%3D%3D&trk=flagship3_search_srp_jobs,2 days ago,True,2026-07-25T22:27:03
Python Developer - Intern - 2026 BE/ BTech Pass outs,Tech Envo,"Bangalore Urban, Karnataka, India (Remote)",https://www.linkedin.com/jobs/view/4443161572/?eBP=NON_CHARGEABLE_CHANNEL&refId=kOsJQkeQ35lQQ%2ByToj19MA%3D%3D&trackingId=DZfXgQbYxb99DGDmSSQFNg%3D%3D&trk=flagship3_search_srp_jobs,3 days ago,True,2026-07-25T22:27:03
Software Engineer Intern,SwasthiQ,India (Remote),https://www.linkedin.com/jobs/view/4443105577/?eBP=NON_CHARGEABLE_CHANNEL&refId=kOsJQkeQ35lQQ%2ByToj19MA%3D%3D&trackingId=RzJMkswZfG6OF1cmCT%2FLPg%3D%3D&trk=flagship3_search_srp_jobs,,False,2026-07-25T22:27:03
Junior Full Stack Developer,Oxale Infotech,India (Remote),https://www.linkedin.com/jobs/view/4442910365/?eBP=NON_CHARGEABLE_CHANNEL&refId=kOsJQkeQ35lQQ%2ByToj19MA%3D%3D&trackingId=73Etmq7ZEBCF1ykBqf%2Bd7Q%3D%3D&trk=flagship3_search_srp_jobs,3 days ago,True,2026-07-25T22:27:03
Remote Full Stack Laravel Developer (BuzzCart Product Team),Brainybuzz Digital,India (Remote),https://www.linkedin.com/jobs/view/4442678473/?eBP=NON_CHARGEABLE_CHANNEL&refId=kOsJQkeQ35lQQ%2ByToj19MA%3D%3D&trackingId=GtMh42hqV5poWWQ7dwkClg%3D%3D&trk=flagship3_search_srp_jobs,3 days ago,True,2026-07-25T22:27:03
